<?xml version="1.0" encoding="UTF-8" standalone="yes"?>
<addon id="plugin.program.sdstreamsmatrix" name="SdStreams Wizard" version="3.0.0" provider-name="SdStreams">
    <requires>
        <import addon="xbmc.python" version="3.0.0" />
        <import addon="script.module.requests" />
        <import addon="script.module.six" />
        <import addon="script.kodi.android.update" optional="true" version="1.1.7" />
        <import addon="script.speedtester" optional="true" version="1.1.2" />
    </requires>
    
    <extension point="xbmc.python.pluginsource" library="default.py">
        <provides>executable</provides>
    </extension>
    
    <extension point="xbmc.service" library="startup.py" start="startup" />
    
    <extension point="xbmc.addon.metadata">
        <summary lang="en">SdStreams Update Wizard</summary>
        <description lang="en">In this wizard you will find the latest SdStreams builds. Updates included are for the following: Amazon FireTV Boxes, Amazon FireSticks, Android Boxes, Android Tablets, and Android Mobile Phones.</description>
        <platform>all</platform>
        <reuselanguageinvoker>false</reuselanguageinvoker>
        <source>https://sdstreamsbuilds.com/</source>
        <news>
        </news>
        <assets>
            <icon>icon.png</icon>
            <fanart>fanart.png</fanart>
        </assets>
    </extension>
</addon>
